model_type,query_gap,n_probes,ret_A,ret_B,ret_C,ret_D,ret_E,em_A,em_B,em_C,em_D,em_E
ms_gla,2048,300,0.2531336805555554,-0.012969835069444447,3.5985087246365,2.5034307183159727,2.697544623480902,0.0,3.3333333333333335,0.0,0.33333333333333337,0.0
ms_gla,3072,300,0.4041536458333331,0.045770399305555556,3.7086009385850676,3.015113538106284,2.4929168023003454,0.0,7.000000000000001,0.0,0.0,1.0
ms_gla,4096,300,0.26239149305555565,0.09654459635416665,3.556593746609158,2.5320759752061632,2.1971769205729164,0.0,1.6666666666666667,0.0,0.0,1.3333333333333335
ms_gla,6144,300,0.2666666666666666,0.0314925130208333,3.7359078640407977,2.5468661838107614,2.4423337131076384,0.0,3.3333333333333335,0.0,0.0,1.3333333333333335
ms_gla,8192,300,0.1822612847222223,0.20386555989583321,3.9333430311414928,2.5720335557725678,2.295976698133682,0.0,1.3333333333333335,0.0,0.33333333333333337,1.3333333333333335
ms_gla,12288,300,0.2384505208333333,0.0084689670138889,4.1668884616427935,2.65819834391276,2.438993123372396,0.0,2.3333333333333335,0.0,0.0,1.0
ms_gla,16384,300,0.23686848958333323,0.1903564453125,4.721740824381509,2.7604650709364136,2.356791178385417,0.0,2.666666666666667,0.0,0.0,1.0
