model_type,query_gap,n_probes,ret_A,ret_B,ret_C,ret_D,ret_E,em_A,em_B,em_C,em_D,em_E
gla,2048,300,0.2847081163194442,-0.022925347222222225,2.9913396199544273,2.4677579752604153,2.777178819444447,0.0,0.33333333333333337,0.0,0.0,0.0
gla,3072,300,0.3874327256944444,0.10766126844618057,3.2142249891493075,2.8878710937499994,2.6894219292534713,0.0,0.0,0.0,0.0,0.0
gla,4096,300,0.25298611111111113,0.08781358506944455,3.082062581380208,2.4234817165798614,2.231506890190973,0.0,0.0,0.0,0.0,0.0
gla,6144,300,0.2957118055555557,0.08672634548611108,3.033878953721787,2.4377871365017363,2.6414495171440984,0.0,0.33333333333333337,0.0,0.0,0.0
gla,8192,300,0.1841753472222222,0.2578911675347222,3.3491872151692688,2.5023744032118067,2.4856651475694433,0.0,0.0,0.0,0.0,0.0
gla,12288,300,0.24709201388888885,0.03715874565972222,3.641676161024306,2.588579983181424,2.5161726888020834,0.0,0.0,0.0,0.0,0.0
gla,16384,300,0.2616992187500002,0.22146525065104158,4.032023807101778,2.74641357421875,2.4746256510416673,0.0,0.33333333333333337,0.0,0.0,0.0
