model_type,query_gap,n_probes,ret_A,ret_B,ret_C,ret_D,ret_E,em_A,em_B,em_C,em_D,em_E
ms_gla,2048,300,0.27110677083333334,0.0237396918402778,3.5338433498806396,2.7952676052517367,2.7135072157118065,0.0,4.666666666666667,0.0,0.33333333333333337,1.0
ms_gla,3072,300,0.4486328125,0.1017746310763889,3.6414143880208303,3.133769200642903,2.6473352728949666,0.0,1.6666666666666667,0.0,0.0,0.33333333333333337
ms_gla,4096,300,0.2799262152777778,0.1432427300347221,3.395964423285587,2.7788368733723945,2.1388478597005203,0.0,2.0,0.0,0.0,1.0
ms_gla,6144,300,0.3073003472222221,0.11052788628472224,3.4341145324707023,2.7569129096137144,2.579968939887152,0.0,4.0,0.0,0.0,1.0
ms_gla,8192,300,0.23496961805555577,0.31122287326388876,3.692322862413192,2.760801798502605,2.4576603190104183,0.0,2.0,0.0,0.33333333333333337,1.3333333333333335
ms_gla,12288,300,0.28272786458333304,0.0651790364583333,3.9628697204589853,2.9432674153645833,2.477156846788194,0.0,3.0,0.0,0.0,1.3333333333333335
ms_gla,16384,300,0.27617404513888905,0.3176356336805555,4.292123879326714,2.9126795111762145,2.4652607557508692,0.0,5.0,0.0,0.0,1.3333333333333335
