model_type,query_gap,n_probes,ret_A,ret_B,ret_C,ret_D,ret_E,em_A,em_B,em_C,em_D,em_E
ms_gla,2048,300,0.24644422743055544,0.008106011284722233,3.752001546223956,2.6439173380533867,2.8787997775607628,0.0,1.3333333333333335,0.0,0.0,0.33333333333333337
ms_gla,3072,300,0.44946506076388887,0.07052571614583335,3.8055706108940965,3.043853861490887,2.80112508138021,0.0,0.33333333333333337,0.0,0.0,0.6666666666666667
ms_gla,4096,300,0.2651801215277778,0.07376627604166668,3.5428559705946174,2.6527540757921018,2.320696207682291,0.0,0.0,0.0,0.0,1.6666666666666667
ms_gla,6144,300,0.3252235243055555,0.06693901909722226,3.555349867078993,2.580625881618926,2.690407240125868,0.0,0.33333333333333337,0.0,0.0,1.3333333333333335
ms_gla,8192,300,0.22698567708333314,0.25898220486111123,3.7903371175130216,2.655648922390409,2.53116956922743,0.0,0.0,0.0,0.33333333333333337,1.0
ms_gla,12288,300,0.29500325520833337,0.006226128472222251,3.9983163452148447,2.9089980740017345,2.681264784071179,0.0,0.0,0.0,0.0,0.6666666666666667
ms_gla,16384,300,0.25026692708333337,0.2531407335069445,4.338358391655812,2.8748124864366313,2.5564126247829875,0.0,0.33333333333333337,0.0,0.0,1.3333333333333335
